topP,deepeval_score
0.1,0.7447680521102771
0.3,0.7949808729274743
0.5,0.769177118332545
0.7,0.7839541982624659
0.9,0.7834171728072985
