temperature,deepeval_score
0.1,0.7295470721037085
0.3,0.7530700961498873
0.5,0.8051249565335568
0.7,0.8069469532280972
0.9,0.8252810862072921
